timestamp_utc,direction,logged_by,product_name,sku,batch_code,expiry_date,quantity_pcs,defect_reason,disposition,notes,rsp_per_unit,cogs_per_unit,movement_id,inventory_sheet_name,defect_breakdown,defect_breakdown
,inbound,Jess,Bali Green Coffee Espresso Eye Cream (15 ml),FCR-BGR-EYECREAM-15ML,AAA,2028-01-24,1,,,,189000,30665,f275e41d-2de2-451c-aa3a-154263b6c1c8,,,
,inbound,Jess,Bali Green Coffee Espresso Eye Cream (15 ml),FCR-BGR-EYECREAM-15ML,BFA,2028-06-20,14,,,,189000,30665,a3c36289-9908-4476-b55f-3f826c232d7e,,,
,inbound,Jess,Bali Green Coffee Espresso Eye Cream (15 ml),FCR-BGR-EYECREAM-15ML,CJA,2028-09-01,2,,,,189000,30665,c7ee7773-a1f4-4eb1-b7c1-1e2235628bf8,,,
,inbound,Jess,Bali Green Coffee Espresso Eye Cream (15 ml),FCR-BGR-EYECREAM-15ML,DLA,2028-11-03,3,,,,189000,30665,96b42928-c61c-4989-aa23-2b727866c552,,,
,inbound,Jess,Blue Pea Purifying Micellar Water (265 ml),FWA-BLP-MICELLARWATER-265ML,-,2027-07-01,8,,,,159000,24209,a2888665-4281-4a43-9e5e-61e7353139e0,,,
,inbound,Jess,Illipe Blurring Butter Pot - Berry Surreal (10 gr),LPP-ILP-BLURRINGPOT-BERRYSURREAL,AKA,2028-10-31,1,,,,149000,31007,9fa521db-cf07-4da7-a8bf-82fd104c7ba8,,,
,inbound,Jess,Illipe Blurring Butter Pot - Mauve Mural (10 gr),LPP-ILP-BLURRINGPOT-MAUVEMURAL,AKA,2028-10-28,1,,,,149000,31007,06631e6e-9462-48a2-accb-5948b41d0c38,,,
,inbound,Jess,Illipe Blurring Butter Pot - Mauve Mural (10 gr),LPP-ILP-BLURRINGPOT-MAUVEMURAL,AKA,2028-10-28,7,,,,149000,31007,551f961b-26be-4c86-83c9-e5a992338fe2,,,
,inbound,Jess,Illipe Blurring Butter Pot - Mauve Mural (10 gr),LPP-ILP-BLURRINGPOT-MAUVEMURAL,BLA,2028-11-10,1,,,,149000,31007,60985b94-df02-401e-b77e-f4ba4baea43e,,,
,inbound,Jess,Illipe Blurring Butter Pot - Mauve Mural (10 gr),LPP-ILP-BLURRINGPOT-MAUVEMURAL,CLA,2028-11-26,23,,,,149000,31007,59da1c72-37a5-4c87-99f7-860b4a1bc0ed,,,
,inbound,Jess,Illipe Blurring Butter Pot - Mauve Mural (10 gr),LPP-ILP-BLURRINGPOT-MAUVEMURAL,ABB,2029-02-12,1,,,,149000,31007,a656d862-2d85-4b39-b51d-5043725cad7b,,,
,inbound,Jess,Illipe Blurring Butter Pot - Peach Portrait (10 gr),LPP-ILP-BLURRINGPOT-PEACHPORTRAIT,AMA,2028-12-19,1,,,,149000,31007,97204833-1776-4d34-a304-ede9f9e00af5,,,
,inbound,Jess,Illipe Blurring Butter Pot - Ruby Renaissance (10 gr),LPP-ILP-BLURRINGPOT-RUBYRENAISSANCE,DLA,2028-11-17,1,,,,149000,31007,e70f55c5-804c-4d83-8873-05f45fce2498,,,
,inbound,Jess,Illipe Blurring Butter Pot - Ruby Renaissance (10 gr),LPP-ILP-BLURRINGPOT-RUBYRENAISSANCE,BBB,2029-02-12,1,,,,149000,31007,6e340dce-e316-4221-a557-da444552530f,,,
,inbound,Jess,Tropical Guava Barrier Moisture Gel (50 ml),FCR-TGV-BARRIERMOISTUREGEL-50ML,CKA,2028-10-09,2,,,,219000,32197,c9c9b21a-3e42-458f-b4c9-ebb2dfa10a1b,,,
,inbound,Jess,Tropical Guava Barrier Moisture Gel (50 ml),FCR-TGV-BARRIERMOISTUREGEL-50ML,DMA,2028-12-04,3,,,,219000,32197,c39504e4-6d41-4c00-b944-2b7f32112517,,,
,inbound,Jess,Illipe Plumping Lip Butter - Berry Burst (10 gr),LPB-ILP-LIPBUTTER-BERRYBURST,BLZ,2027-11-12,5,,,,149000,29490,8d962a85-085e-47f0-81ed-78024d402f2f,,,
,inbound,Jess,Illipe Plumping Lip Butter - Berry Burst (10 gr),LPB-ILP-LIPBUTTER-BERRYBURST,DLZ,2027-11-12,4,,,,149000,29490,46934d6f-f5c2-47eb-9ddd-12184f9d0f4d,,,
,inbound,Jess,Illipe Plumping Lip Butter - Berry Burst (10 gr),LPB-ILP-LIPBUTTER-BERRYBURST,ELZ,2027-11-28,3,,,,149000,29490,299604e8-34b1-4c38-b621-dfe66680c068,,,
,inbound,Jess,Illipe Plumping Lip Butter - Berry Burst (10 gr),LPB-ILP-LIPBUTTER-BERRYBURST,AMA,2028-12-11,2,,,,149000,29490,0054cf97-7b3a-47f6-a05a-aa5b57efe235,,,
,inbound,Jess,Illipe Plumping Lip Butter - Classic Nude (10 gr),LPB-ILP-LIPBUTTER-CLASSICNUDE,EJZ,2027-09-18,12,,,,149000,29490,e4b1dd51-5d83-4aca-9a80-cdf64d48fa8e,,,
,inbound,Jess,Illipe Plumping Lip Butter - Classic Nude (10 gr),LPB-ILP-LIPBUTTER-CLASSICNUDE,FJZ,2027-09-18,11,,,,149000,29490,1a8d1e31-6a97-474d-b7bf-242da876b1ca,,,
,inbound,Jess,Illipe Plumping Lip Butter - Classic Nude (10 gr),LPB-ILP-LIPBUTTER-CLASSICNUDE,BJZ,2027-09-19,2,,,,149000,29490,b70f02c5-134f-4495-b525-2bb4819847bf,,,
,inbound,Jess,Illipe Plumping Lip Butter - Clearly Naked (10 gr),LPB-ILP-LIPBUTTER-CLEARLYNAKED,ALZ,2027-11-08,3,,,,149000,29490,478a6fa9-c040-4757-9dbb-d0ad9b411412,,,
,inbound,Jess,Illipe Plumping Lip Butter - Clearly Naked (10 gr),LPB-ILP-LIPBUTTER-CLEARLYNAKED,BLZ,2027-11-11,8,,,,149000,29490,2c02af77-64af-439a-9ef1-7adbb05de6ae,,,
,inbound,Jess,Illipe Plumping Lip Butter - Clearly Naked (10 gr),LPB-ILP-LIPBUTTER-CLEARLYNAKED,CLZ,2027-11-28,3,,,,149000,29490,0c00762c-def3-4027-bdb7-e3ba4dcf0bce,,,
,inbound,Jess,Illipe Plumping Lip Butter - Cold Brew (10 gr),LPB-ILP-LIPBUTTER-COLDBREW,EJZ,2027-09-17,2,,,,149000,29490,d87b91ac-7c56-45d8-a2b8-a850e1daa1f9,,,
,inbound,Jess,Illipe Plumping Lip Butter - Cold Brew (10 gr),LPB-ILP-LIPBUTTER-COLDBREW,FJZ,2027-09-17,3,,,,149000,29490,503df75c-0186-4a72-a812-d7a4c52c034d,,,
,inbound,Jess,Illipe Plumping Lip Butter - Cold Brew (10 gr),LPB-ILP-LIPBUTTER-COLDBREW,GJZ,2027-09-18,1,,,,149000,29490,241ad4d9-dcd6-42dc-844b-e21ae8bfd0d6,,,
,inbound,Jess,Illipe Plumping Lip Butter - Pink Sugar (10 gr),LPB-ILP-LIPBUTTER-PINKSUGAR,EJZ,2027-09-09,7,,,,149000,29490,8d56bd9a-7d6d-426c-8a89-9ef6a255d001,,,
,inbound,Jess,Illipe Plumping Lip Butter - Pink Sugar (10 gr),LPB-ILP-LIPBUTTER-PINKSUGAR,FJZ,2027-09-09,2,,,,149000,29490,ce106a2c-fe08-4af5-87cb-4bf93804b297,,,
,inbound,Jess,Illipe Plumping Lip Butter - Pink Sugar (10 gr),LPB-ILP-LIPBUTTER-PINKSUGAR,DHA,2028-08-29,1,,,,149000,29490,bec6c34a-9b98-4f51-a6f6-2f89d00b5f41,,,
,inbound,Jess,Illipe Plumping Lip Butter - Sparkling Blush (10 gr),LPB-ILP-LIPBUTTER-SPARKLINGBLUSH,BLZ,2027-11-15,2,,,,149000,29490,2c717288-94a9-47bd-bf65-6369e884d7d5,,,
,inbound,Jess,Illipe Plumping Lip Butter - Sparkling Blush (10 gr),LPB-ILP-LIPBUTTER-SPARKLINGBLUSH,CLZ,2027-11-15,6,,,,149000,29490,8a09be1a-ce57-4a23-ae23-3f5820f176ce,,,
,inbound,Jess,Illipe Plumping Lip Butter - Sparkling Blush (10 gr),LPB-ILP-LIPBUTTER-SPARKLINGBLUSH,DLZ,2027-11-15,5,,,,149000,29490,f74469ce-61a0-45a1-8ee7-6e04f6c068d3,,,
,inbound,Jess,Illipe Plumping Lip Butter - Sparkling Blush (10 gr),LPB-ILP-LIPBUTTER-SPARKLINGBLUSH,BMA,2028-12-10,1,,,,149000,29490,b6367395-9960-49aa-9759-b661569d5269,,,
,inbound,Jess,Illipe Plumping Lip Butter - Sweet Peach (10 gr),LPB-ILP-LIPBUTTER-SWEETPEACH,CHZ,2027-08-30,5,,,,149000,29490,8417cad3-980c-47e3-8743-4c56a8dad561,,,
,inbound,Jess,Illipe Plumping Lip Butter - Sweet Peach (10 gr),LPB-ILP-LIPBUTTER-SWEETPEACH,DJZ,2027-09-20,2,,,,149000,29490,695fb8e3-a4a8-4675-9350-6a90501d2817,,,
,inbound,Jess,Illipe Plumping Lip Butter - Sweet Peach (10 gr),LPB-ILP-LIPBUTTER-SWEETPEACH,EJZ,2027-09-20,8,,,,149000,29490,3d560d0f-b85c-461f-b4bc-a49187523b34,,,
,inbound,Jess,Illipe Plumping Lip Butter - Sweet Peach (10 gr),LPB-ILP-LIPBUTTER-SWEETPEACH,ALA,2028-11-19,3,,,,149000,29490,7265276b-5d1d-455a-ab51-847d7ab406f0,,,
,inbound,Jess,Java Black Tea Soothing Cleanser (100 ml) - V2,FWA-JBT-SOOTHINGGELCLEANSER-100ML-V2,BGA,2028-07-31,1,,,,159000,29169,14601423-ab13-473e-bdea-dcf9edf061fc,,,
,inbound,Jess,Java Black Tea Soothing Cleanser (100 ml) - V2,FWA-JBT-SOOTHINGGELCLEANSER-100ML-V2,DJA,2028-09-03,2,,,,159000,29169,d76ff519-f7a7-404d-9b7a-8d92da14d5b1,,,
,inbound,Jess,Java Black Tea Soothing Cleanser (100 ml) - V2,FWA-JBT-SOOTHINGGELCLEANSER-100ML-V2,EJA,2028-09-03,5,,,,159000,29169,63973bbc-1791-4fe2-aa84-65d34c22a000,,,
,inbound,Jess,Java Black Tea Soothing Cleanser (100 ml) - V2,FWA-JBT-SOOTHINGGELCLEANSER-100ML-V2,BLA,2028-11-28,1,,,,159000,29169,600072e1-2ff0-4620-8b8c-aec5f986b93b,,,
,inbound,Jess,Java Black Tea Soothing Cleanser (50 ml) - V2,FWA-JBT-SOOTHINGGELCLEANSER-50ML-V2,BGA,2028-07-31,7,,,,99000,20862,82390bcc-1d81-4aa1-b95b-eb50fc542396,,,
,inbound,Jess,Java Black Tea Soothing Cleanser (50 ml) - V2,FWA-JBT-SOOTHINGGELCLEANSER-50ML-V2,CHA,2028-08-29,3,,,,99000,20862,bee426c1-2d01-4e1f-9f2b-2d4b2ea16f4b,,,
,inbound,Jess,Blurring Lip Precision Brush,MER-BLURRINGPOT-LIPBRUSH,-,,7,,,,99000,22519,9e6b005e-f15f-4385-8e67-e8ee8061400a,,,
,inbound,Jess,Blurring Silicone Brush,MER-BLURRINGPOT-LIPGEL,-,,17,,,,59000,10321,8b66d38d-adc3-40e5-b598-0b464f445b56,,,
,inbound,Jess,Mangosteen Brightening Serum (15 ml) - V2,FSE-MGT-BRIGHTENINGSERUM-15ML-V2,BFA,,1,,,,115000,27825,9d8e48de-dfed-4f1f-9a44-4833ef720448,,,
,inbound,Jess,Mangosteen Brightening Serum (15 ml) - V2,FSE-MGT-BRIGHTENINGSERUM-15ML-V2,CHA,,2,,,,115000,27825,5490e09a-c051-470d-8776-c25abe2422bd,,,
,inbound,Jess,Mangosteen Brightening Serum (15 ml) - V2,FSE-MGT-BRIGHTENINGSERUM-15ML-V2,BHA,,3,,,,115000,27825,3eaeebad-4734-45ef-bc0f-da3e5b783596,,,
,inbound,Jess,Mangosteen Brightening Serum (15 ml) - V2,FSE-MGT-BRIGHTENINGSERUM-15ML-V2,FKA,,1,,,,115000,27825,5a6a0359-19d0-46a5-9a54-014e1b58c49c,,,
,inbound,Jess,Mangosteen Brightening Serum (30 ml) - V2,FSE-MGT-BRIGHTENINGSERUM-30ML-V2,BFA,,3,,,,195000,37247,84888fb1-31a2-4f80-81de-bf82b6e9846e,,,
,inbound,Jess,Mangosteen Brightening Serum (30 ml) - V2,FSE-MGT-BRIGHTENINGSERUM-30ML-V2,DHA,,8,,,,195000,37247,8fb6588f-eb31-4e11-a5fe-33d01f9fb39c,,,
,inbound,Jess,Mangosteen Brightening Serum (30 ml) - V2,FSE-MGT-BRIGHTENINGSERUM-30ML-V2,EKA,,4,,,,195000,37247,4be76dcb-7121-4e8d-9828-66122395d650,,,
,inbound,Jess,Papua Red Fruit Plumping Cream (15 ml) - V2,FCR-PRF-PLUMPINGCREAM-15ML-V2,DJA,,3,,,,179000,36754,eff3e935-1be6-42bd-8b68-2eb45d2c20cd,,,
,inbound,Jess,Papua Red Fruit Plumping Cream (30 ml) - V2,FCR-PRF-PLUMPINGCREAM-30ML-V2,CHA,,2,,,,279000,56699,5798b91f-a215-4e64-b35c-19d68f756e6b,,,
,inbound,Jess,Papua Red Fruit Plumping Cream (30 ml) - V2,FCR-PRF-PLUMPINGCREAM-30ML-V2,DJA,,17,,,,279000,56699,4f7fdff1-5605-440c-9421-89fbe0f3508d,,,
,inbound,Jess,Papua Red Fruit Plumping Oil (20 ml),FOI-PRF-PLUMPINGOIL-20ML,ALA,,1,,,,315000,44953,de24a920-02b0-4820-b1bb-6ec2348f2777,,,
,inbound,Jess,Papua Red Fruit Plumping Serum (20 ml),FSE-PRF-PLUMPINGSERUM-20ML,AHA,,4,,,,299000,41458,9e21cad4-f00a-4bf0-a87e-99aa60d55c64,,,
,inbound,Jess,Sugarcane AHA Exfoliating Solution (50 ml),FTO-SGC-AHASOLUTION-50ML,CGZ,,15,,,,110000,27083,12f0f187-2897-4b6a-8e56-2dd73b2574f1,,,
,inbound,Jess,White Tea Protective Sun Serum (35 ml),FSU-WHT-PROTECTIVESUNSERUM-35ML,AJZ,,2,,,,179000,38953,c3916ab8-4cd8-426f-b334-842e812633f2,,,
,inbound,Jess,White Tea Protective Sun Serum (35 ml),FSU-WHT-PROTECTIVESUNSERUM-35ML,AGA,,34,,,,179000,38953,5ea6018a-01d6-462a-b14c-8551956b5378,,,