product_name,sku,image_url,rsp,cogs,product_category,barcode
Bali Green Coffee Espresso Eye Cream (15 ml),FCR-BGR-EYECREAM-15ML,https://drive.google.com/file/d/1_-5ogUVp-zNBn5obaF6NkMd8dphEzpid/view?usp=drive_link,189000,30665,Bali Green Coffee,8994455180245
Papua Red Fruit Plumping Cream (15 ml) - V2,FCR-PRF-PLUMPINGCREAM-15ML-V2,https://drive.google.com/file/d/1HcLuSsJ7W-Nrc5ltqo8s6X-6KDJ_PDyn/view?usp=drive_link,179000,36754,Papua Red Fruit,8994455180207
Papua Red Fruit Plumping Cream (30 ml) - V2,FCR-PRF-PLUMPINGCREAM-30ML-V2,https://drive.google.com/file/d/1HcLuSsJ7W-Nrc5ltqo8s6X-6KDJ_PDyn/view?usp=drive_link,279000,56699,Papua Red Fruit,8994455180214
Tropical Guava Barrier Moisture Gel (50 ml),FCR-TGV-BARRIERMOISTUREGEL-50ML,https://drive.google.com/file/d/1bhLC6UTgnEA4xJbwZwUFQ46tDF7x1Q_o/view?usp=drive_link,219000,32197,Guava,8994455180023
Papua Red Fruit Plumping Oil (20 ml),FOI-PRF-PLUMPINGOIL-20ML,https://drive.google.com/file/d/1Ns5HQyb2n5uRQ3GRg3CXCuxkX_YsyAfx/view?usp=drive_link,315000,44953,Papua Red Fruit,8994455180290
Mangosteen Brightening Serum (15 ml) - V2,FSE-MGT-BRIGHTENINGSERUM-15ML-V2,https://drive.google.com/file/d/1E1LTKzMDrKQ2cGeAPp3PnwO3O6uX8LyR/view?usp=drive_link,115000,27825,Mangosteen,8994455180238
Mangosteen Brightening Serum (30 ml) - V2,FSE-MGT-BRIGHTENINGSERUM-30ML-V2,https://drive.google.com/file/d/12D34vQpJ9ZBiJX7dAa_oh7KS6C_dxDdy/view?usp=drive_link,195000,37247,Mangosteen,8994455180221
Papua Red Fruit Plumping Serum (20 ml),FSE-PRF-PLUMPINGSERUM-20ML,https://drive.google.com/file/d/1nkT5iSA6lW72FHIP47mMEJ3NKUigM80y/view?usp=drive_link,299000,41458,Papua Red Fruit,8994455180320
White Tea Protective Sun Serum (35 ml),FSU-WHT-PROTECTIVESUNSERUM-35ML,https://drive.google.com/file/d/1Zb8VIJtfEaJGAmsOTKHO5agUaqMI_YTg/view?usp=drive_link,179000,38953,White Tea,8994455180146
Sugarcane AHA Exfoliating Solution (100 ml),FTO-SGC-AHASOLUTION-100ML,https://drive.google.com/file/d/15L7Nl-NYUUY7KlvsDhLyzAM7Fc3DBTF3/view?usp=drive_link,190000,38583,Sugarcane,8994455180092
Sugarcane AHA Exfoliating Solution (50 ml),FTO-SGC-AHASOLUTION-50ML,https://drive.google.com/file/d/1RdrrlCzXvxH2hoNkycxSyLRa7dB1xouM/view?usp=drive_link,110000,27083,Sugarcane,
Blue Pea Purifying Micellar Water (265 ml),FWA-BLP-MICELLARWATER-265ML,https://drive.google.com/file/d/1iduWOAoU2MNDGCVzejmCrWWOFJj-2QZC/view?usp=drive_link,159000,24209,Blue Pea,8994455180313
Java Black Tea Soothing Cleanser (100 ml) - V2,FWA-JBT-SOOTHINGGELCLEANSER-100ML-V2,https://drive.google.com/file/d/11w3voA1C3rEnVktP7TCn7tLhxN_Akq0A/view?usp=drive_link,159000,29169,Java Black Tea,8994455180276
Java Black Tea Soothing Cleanser (50 ml) - V2,FWA-JBT-SOOTHINGGELCLEANSER-50ML-V2,https://drive.google.com/file/d/1lg17iZ9M3ozjzDC4iM4jz9wtsx6E9oQk/view?usp=drive_link,99000,20862,Java Black Tea,8994455180269
Illipe Plumping Lip Butter - Berry Burst (10 gr),LPB-ILP-LIPBUTTER-BERRYBURST,https://drive.google.com/file/d/1kF4kf3DjFaOLSXhpCbeJIVSDEbISi4Kd/view?usp=drive_link,149000,29490,Butter Balm,8994455180184
Illipe Plumping Lip Butter - Cinnamon Toast (10 gr),LPB-ILP-LIPBUTTER-CINNAMONTOAST,https://drive.google.com/file/d/1QlATMw9jRfpIhPgLHSh3MZ3HpYHcUxKw/view?usp=drive_link,149000,29490,Butter Balm,8994455180252
Illipe Plumping Lip Butter - Classic Nude (10 gr),LPB-ILP-LIPBUTTER-CLASSICNUDE,https://drive.google.com/file/d/1j_lA1LCpDFstFkfNz_wZ-8vHkO7cClnd/view?usp=drive_link,149000,29490,Butter Balm,8994455180108
Illipe Plumping Lip Butter - Clearly Naked (10 gr),LPB-ILP-LIPBUTTER-CLEARLYNAKED,https://drive.google.com/file/d/1mPmy2JnOJ6kZSlSkBDnqTSVlrx9iam6x/view?usp=drive_link,149000,29490,Butter Balm,8994455180177
Illipe Plumping Lip Butter - Cold Brew (10 gr),LPB-ILP-LIPBUTTER-COLDBREW,https://drive.google.com/file/d/1PQwSCA1Urj-AaKEXOwkEtV6L0Szgxkot/view?usp=drive_link,149000,29490,Butter Balm,8994455180115
Illipe Plumping Lip Butter - Pink Sugar (10 gr),LPB-ILP-LIPBUTTER-PINKSUGAR,https://drive.google.com/file/d/11xRV-pfqlGppLfRs9S6qrurgIlnGhb7e/view?usp=drive_link,149000,29490,Butter Balm,8994455180122
Illipe Plumping Lip Butter - Sparkling Blush (10 gr),LPB-ILP-LIPBUTTER-SPARKLINGBLUSH,https://drive.google.com/file/d/1Q5zerWcd8UwagvAvqOGR7oZ6aDntfD-8/view?usp=drive_link,149000,29490,Butter Balm,8994455180191
Illipe Plumping Lip Butter - Sweet Peach (10 gr),LPB-ILP-LIPBUTTER-SWEETPEACH,https://drive.google.com/file/d/1g1SnIagGgkTUzoOC_po9me_Sqy0wkn6f/view?usp=drive_link,149000,29490,Butter Balm,8994455180139
Illipe Plumping Lip Butter - Woody Rose (10 gr),LPB-ILP-LIPBUTTER-WOODYROSE,https://drive.google.com/file/d/1faYnIkGhYL_DfHEs3Eaw1U5vUyH8ycfE/view?usp=drive_link,149000,29490,Butter Balm,8994455180283
Illipe Blurring Butter Pot - Berry Surreal (10 gr),LPP-ILP-BLURRINGPOT-BERRYSURREAL,https://drive.google.com/file/d/1WqV56rDd6-_zs9F7UvYnpwBJBQpfViK6/view?usp=drive_link,149000,31007,Butter Pot,8994455180375
Illipe Blurring Butter Pot - Mauve Mural (10 gr),LPP-ILP-BLURRINGPOT-MAUVEMURAL,https://drive.google.com/file/d/1oexFVEiHo6kCwfyHtcp4c5OSO3ibAyQW/view?usp=drive_link,149000,31007,Butter Pot,8994455180399
Illipe Blurring Butter Pot - Nude Canvas (10 gr),LPP-ILP-BLURRINGPOT-NUDECANVAS,https://drive.google.com/file/d/1WnCMeEeSy9iP-cNASYsQ7j_tY9Y4NZSK/view?usp=drive_link,149000,31007,Butter Pot,8994455180368
Illipe Blurring Butter Pot - Peach Portrait (10 gr),LPP-ILP-BLURRINGPOT-PEACHPORTRAIT,https://drive.google.com/file/d/1h9DEZ1a_NbVQkQAJMsP2AuaXTYBJs_AR/view?usp=drive_link,149000,31007,Butter Pot,8994455180382
Illipe Blurring Butter Pot - Ruby Renaissance (10 gr),LPP-ILP-BLURRINGPOT-RUBYRENAISSANCE,https://drive.google.com/file/d/1gufJs3dzdRYAMF0eD82UrqDBopwPSKUS/view?usp=drive_link,149000,31007,Butter Pot,8994455180405
Blurring Lip Precision Brush,MER-BLURRINGPOT-LIPBRUSH,https://drive.google.com/file/d/1J5EG3ItqgK2cf4a-jZhyK4C-A8MEoOfK/view?usp=drive_link,99000,22519,Tools,8994455180344
Blurring Silicone Brush,MER-BLURRINGPOT-LIPGEL,https://drive.google.com/file/d/1i2m5hxNsouIFKz5aQW-Cge6ilH3u63Sa/view?usp=drive_link,59000,10321,Tools,8994455180351